sido,sigungu,population
전국,소계,51217221
서울특별시,소계,9331828
서울특별시,종로구,138336
서울특별시,중구,120544
서울특별시,용산구,203854
서울특별시,성동구,273669
서울특별시,광진구,331963
서울특별시,동대문구,338735
서울특별시,중랑구,379274
서울특별시,성북구,421560
서울특별시,강북구,283597
서울특별시,도봉구,303228
서울특별시,노원구,491247
서울특별시,은평구,460919
서울특별시,서대문구,302853
서울특별시,마포구,361417
서울특별시,양천구,430976
서울특별시,강서구,556171
서울특별시,구로구,388169
서울특별시,금천구,225159
서울특별시,영등포구,373773
서울특별시,동작구,375799
서울특별시,관악구,477812
서울특별시,서초구,408376
서울특별시,강남구,557345
서울특별시,송파구,650110
서울특별시,강동구,476942
부산광역시,소계,3266598
부산광역시,중구,37537
부산광역시,서구,103188
부산광역시,동구,85911
부산광역시,영도구,103737
부산광역시,부산진구,359281
부산광역시,동래구,274370
부산광역시,남구,254498
부산광역시,북구,267692
부산광역시,해운대구,376404
부산광역시,사하구,292491
부산광역시,금정구,209932
부산광역시,강서구,142789
부산광역시,연제구,212589
부산광역시,수영구,171918
부산광역시,사상구,198635
부산광역시,기장군,175626
대구광역시,소계,2363629
대구광역시,중구,97711
대구광역시,동구,342339
대구광역시,서구,163135
대구광역시,남구,136263
대구광역시,북구,413010
대구광역시,수성구,409107
대구광역시,달서구,522021
대구광역시,달성군,257580
대구광역시,군위군,22463
인천광역시,소계,3021010
인천광역시,중구,167113
인천광역시,동구,58296
인천광역시,미추홀구,412274
인천광역시,연수구,400213
인천광역시,남동구,486225
인천광역시,부평구,493200
인천광역시,계양구,280227
인천광역시,서구,634064
인천광역시,강화군,69402
인천광역시,옹진군,19996
광주광역시,소계,1408422
광주광역시,동구,106203
광주광역시,서구,279050
광주광역시,남구,207597
광주광역시,북구,423961
광주광역시,광산구,391611
대전광역시,소계,1439157
대전광역시,동구,218513
대전광역시,중구,225008
대전광역시,서구,457951
대전광역시,유성구,369468
대전광역시,대덕구,168217
울산광역시,소계,1098049
울산광역시,중구,207000
울산광역시,남구,304885
울산광역시,동구,150836
울산광역시,북구,216522
울산광역시,울주군,218806
세종특별자치시,소계,390685
세종특별자치시,세종특별자치시,390685
경기도,소계,13694685
경기도,수원시,1193005
경기도,성남시,913009
경기도,고양시,1070120
경기도,용인시,1085864
경기도,부천시,769918
경기도,안산시,620579
경기도,안양시,556492
경기도,남양주시,732482
경기도,화성시,968821
경기도,평택시,598556
경기도,의정부시,461271
경기도,시흥시,518132
경기도,파주시,511308
경기도,광명시,278167
경기도,김포시,486853
경기도,군포시,255931
경기도,광주시,397605
경기도,이천시,222443
경기도,양주시,289005
경기도,오산시,242065
경기도,구리시,186882
경기도,안성시,193949
경기도,포천시,141463
경기도,의왕시,154488
경기도,하남시,329120
경기도,여주시,114610
경기도,양평군,126804
경기도,동두천시,86838
경기도,과천시,85512
경기도,가평군,62527
경기도,연천군,40866
강원특별자치도,소계,1517766
강원특별자치도,춘천시,286069
강원특별자치도,원주시,362164
강원특별자치도,강릉시,207731
강원특별자치도,동해시,87675
강원특별자치도,태백시,37936
강원특별자치도,속초시,80933
강원특별자치도,삼척시,61735
강원특별자치도,홍천군,66717
강원특별자치도,횡성군,46111
강원특별자치도,영월군,36721
강원특별자치도,평창군,40396
강원특별자치도,정선군,33515
강원특별자치도,철원군,40497
강원특별자치도,화천군,22922
강원특별자치도,양구군,20621
강원특별자치도,인제군,31535
강원특별자치도,고성군,26999
강원특별자치도,양양군,27489
충청북도,소계,1591177
충청북도,청주시,854537
충청북도,충주시,207241
충청북도,제천시,128569
충청북도,보은군,30527
충청북도,옥천군,48204
충청북도,영동군,43551
충청북도,진천군,86537
충청북도,괴산군,36252
충청북도,음성군,91236
충청북도,단양군,27352
충청북도,증평군,37171
충청남도,소계,2136574
충청남도,천안시,659920
충청남도,공주시,101285
충청남도,보령시,93780
충청남도,아산시,355014
충청남도,서산시,174445
충청남도,논산시,108529
충청남도,계룡시,46540
충청남도,당진시,171931
충청남도,금산군,49615
충청남도,부여군,59550
충청남도,서천군,48204
충청남도,청양군,29658
충청남도,홍성군,99198
충청남도,예산군,78772
충청남도,태안군,60133
전북특별자치도,소계,1738690
전북특별자치도,전주시,635651
전북특별자치도,군산시,258047
전북특별자치도,익산시,268001
전북특별자치도,정읍시,102127
전북특별자치도,남원시,75647
전북특별자치도,김제시,80635
전북특별자치도,완주군,99279
전북특별자치도,진안군,24161
전북특별자치도,무주군,23032
전북특별자치도,장수군,20663
전북특별자치도,임실군,25577
전북특별자치도,순창군,26822
전북특별자치도,고창군,50982
전북특별자치도,부안군,48066
전라남도,소계,1788819
전라남도,목포시,209890
전라남도,여수시,267816
전라남도,순천시,276329
전라남도,나주시,116654
전라남도,광양시,154692
전라남도,담양군,44623
전라남도,곡성군,26566
전라남도,구례군,24025
전라남도,고흥군,60190
전라남도,보성군,37045
전라남도,화순군,60735
전라남도,장흥군,34451
전라남도,강진군,32189
전라남도,해남군,63120
전라남도,영암군,51391
전라남도,무안군,92687
전라남도,함평군,30010
전라남도,영광군,52098
전라남도,장성군,42026
전라남도,완도군,45631
전라남도,진도군,28478
전라남도,신안군,38173
경상북도,소계,2531384
경상북도,포항시,491581
경상북도,경주시,244769
경상북도,김천시,135446
경상북도,안동시,153159
경상북도,구미시,404820
경상북도,영주시,98870
경상북도,영천시,98143
경상북도,상주시,91850
경상북도,문경시,67257
경상북도,경산시,266398
경상북도,의성군,48690
경상북도,청송군,23716
경상북도,영양군,15328
경상북도,영덕군,33210
경상북도,청도군,40582
경상북도,고령군,30062
경상북도,성주군,41452
경상북도,칠곡군,107383
경상북도,예천군,54609
경상북도,봉화군,28836
경상북도,울진군,46124
경상북도,울릉군,9099
경상남도,소계,3228380
경상남도,창원시,999858
경상남도,진주시,338785
경상남도,통영시,118481
경상남도,사천시,108504
경상남도,김해시,531676
경상남도,밀양시,100691
경상남도,거제시,232972
경상남도,양산시,359531
경상남도,의령군,25150
경상남도,함안군,58842
경상남도,창녕군,56085
경상남도,고성군,48005
경상남도,남해군,39832
경상남도,하동군,40765
경상남도,산청군,33259
경상남도,함양군,36131
경상남도,거창군,59588
경상남도,합천군,40225
제주특별자치도,소계,670368
제주특별자치도,제주시,488348
제주특별자치도,서귀포시,182020
